{"sf": [37.7749, -122.4194], "chicago": [41.881832, -87.623177], "nyc": [40.73061, -73.935242]}